CREATE ROLE movie_user;
GRANT SELECT ON Movie TO movie_user;
GRANT INSERT ON Review TO movie_user;

INSERT INTO Movie(movieID, title, release_date, duration, directorID) VALUES
('TheGo1972', 'The Godfather: Part III', '1972-03-24', '2:42:00', 'Coppola1939'),
('Backt1989', 'Back to the Future Part II', '1989-11-22', '1:48:00', 'Zemeckis1942'),
('Brave1975', 'Braveheart', '1995-05-24', '2:58:00', 'Gibson1956'),
('Casab1942', 'Casablanca', '1942-01-23', '1:42:00', 'Curtiz1899'),
('India1989', 'Indiana Jones and the Last Crusade', '1989-05-24', '2:07:00', 'Spielberg1946'),
('Juras1993', 'Jurassic Park', '1993-06-11', '2:07:00', 'Spielberg1946'),
('Raide1981', 'Raiders of the Lost Ark', '1981-06-12', '1:55:00', 'Spielberg1946'),
('TheEm1980', 'The Empire Strikes Back', '1980-05-21', '2:04:00', 'Kershner1943'),
('ThePr1987', 'The Princess Bride', '1987-09-25', '1:38:00', 'Reiner1947'),
('TheTe1984', 'The Terminator', '1984-10-26', '1:48:00', 'Cameron1944'),
('TheWi1939', 'The Wizard of Oz', '1939-08-25', '1:42:00', 'Fleming1882'),
('ToySt1995', 'Toy Story', '1995-11-22', '1:21:00', 'Lasseter1947'),
('Incep2010', 'Inception', '2010-07-16', '2:28:00', 'Nolan1970'),
('Savin1998', 'Saving Private Ryan', '1998-07-24', '2:49:00', 'Spielberg1946'),
('Schin1993', 'Schindler''s List', '1993-12-15', '3:15:00', 'Spielberg1946'),
('TheDe2006', 'The Departed', '2006-10-06', '2:31:00', 'Scorsese1942'),
('TheGo1972', 'The Godfather', '1972-03-24', '2:55:00', 'Coppola1939'),
('TheGr2014', 'The Grand Budapest Hotel', '2014-03-28', '1:39:00', 'Anderson1969'),
('TheGr1999', 'The Green Mile', '1999-12-10', '3:09:00', 'Darabont1959'),
('TheLi1994', 'The Lion King', '1994-06-24', '1:28:00', 'Allers1940'),
('TheLo2001', 'The Lord of the Rings: The Fellowship of the Ring', '2001-12-19', '2:58:00', 'Jackson1952'),
('ThePr2006', 'The Prestige', '2006-10-20', '2:10:00', 'Nolan1970'),
('TheSh1994', 'The Shawshank Redemption', '1994-10-14', '2:22:00', 'Darabont1959'),
('TheUs1995', 'The Usual Suspects', '1995-08-16', '1:46:00', 'Singer1955'),
('Titan1997', 'Titanic', '1997-12-19', '3:15:00', 'Cameron1944'),
('Ameri1999', 'American Beauty', '1999-09-08', '2:02:00', 'Mendes1961'),
('Backt1985', 'Back to the Future', '1985-07-03', '1:56:00', 'Zemeckis1942'),
('Fight1999', 'Fight Club', '1999-10-15', '2:19:00', 'Fincher1956'),
('Forre1994', 'Forrest Gump', '1994-07-06', '2:22:00', 'Zemeckis1942'),
('Gladi2000', 'Gladiator', '2000-05-05', '2:35:00', 'Scott1937'),
('GoodW1997', 'Good Will Hunting', '1997-12-05', '2:06:00', 'VanSa1959'),
('Goodf1990', 'Goodfellas', '1990-09-19', '2:28:00', 'Scorsese1942'),
('Inglo2009', 'Inglourious Basterds', '2009-08-21', '2:33:00', 'Tarantino1963'),
('PulpF1994', 'Pulp Fiction', '1994-10-14', '2:34:00', 'Tarantino1963'),
('Se7en1995', 'Se7en', '1995-09-22', '2:07:00', 'Fincher1956'),
('Termi1991', 'Terminator 2: Judgment Day', '1991-07-03', '2:17:00', 'Cameron1944'),
('TheAv2012', 'The Avengers', '2012-05-04', '2:23:00', 'Whedon1964'),
('TheBr1985', 'The Breakfast Club', '1985-02-15', '1:37:00', 'Hughes1950'),
('TheDa2008', 'The Dark Knight', '2008-07-18', '2:32:00', 'Nolan1970'),
('TheDa2012', 'The Dark Knight Rises', '2012-07-20', '2:45:00', 'Nolan1970'),
('TheGo1974', 'The Godfather: Part II', '1974-12-20', '3:22:00', 'Coppola1939'),
('TheLo2003', 'The Lord of the Rings: The Return of the King', '2003-12-17', '3:21:00', 'Jackson1952'),
('TheLo2002', 'The Lord of the Rings: The Two Towers', '2002-12-18', '2:59:00', 'Jackson1952'),
('TheMa1999', 'The Matrix', '1999-03-31', '2:16:00', 'Wachowskis1965'),
('ThePi2002', 'The Pianist', '2002-09-25', '2:30:00', 'Polanski1933'),
('TheSh1980', 'The Shining', '1980-05-23', '2:26:00', 'Kubrick1928'),
('TheSi1991', 'The Silence of the Lambs', '1991-02-14', '1:58:00', 'Demme1944'),
('TheSi1999', 'The Sixth Sense', '1999-08-06', '1:47:00', 'Shyamalan1970'),
('TheSo2010', 'The Social Network', '2010-10-01', '2:00:00', 'Fincher1956'),
('TheTr1998', 'The Truman Show', '1998-06-05', '1:43:00', 'Weir1944');

INSERT INTO Actor(actorID, fname, lname, DoB, since) VALUES
('Pacino1940', 'Al', 'Pacino', '1940-04-25', 1967),
('Keaton1946', 'Diane', 'Keaton', '1946-01-05', 1970),
('Garcia1956', 'Andy', 'Garcia', '1956-04-12', 1983),
('Thomp1961', 'Lea', 'Thompson', '1961-05-31', 1983),
('Gibson1956', 'Mel', 'Gibson', '1956-01-03', 1976),
('Marceau1966', 'Sophie', 'Marceau', '1966-11-17', 1976),
('McGoohan1928', 'Patrick', 'McGoohan', '1928-03-19', 1955),
('Bogart1899', 'Humphrey', 'Bogart', '1899-12-25', 1921),
('Bergman1915', 'Ingrid', 'Bergman', '1915-08-29', 1932),
('Henreid1908', 'Paul', 'Henreid', '1908-01-10', 1932),
('Ford1942', 'Harrison', 'Ford', '1942-07-13', 1966),
('Connery1930', 'Sean', 'Connery', '1930-08-25', 1954),
('Doody1966', 'Alison', 'Doody', '1966-11-11', 1985),
('Neill1947', 'Sam', 'Neill', '1947-09-14', 1975),
('Dern1967', 'Laura', 'Dern', '1967-02-10', 1979),
('Goldblum1952', 'Jeff', 'Goldblum', '1952-10-22', 1974),
('Allen1950', 'Karen', 'Allen', '1950-10-05', 1978),
('Freeman1944', 'Paul', 'Freeman', '1944-01-18', 1975),
('Hamill1951', 'Mark', 'Hamill', '1951-09-25', 1969),
('Fisher1941', 'Carrie', 'Fisher', '1941-10-21', 1975),
('Elwes1962', 'Cary', 'Elwes', '1962-10-26', 1979),
('Wright1966', 'Robin', 'Wright', '1966-04-08', 1984),
('Patinkin1952', 'Mandy', 'Patinkin', '1952-11-30', 1980),
('Schwarzenegger1947', 'Arnold', 'Schwarzenegger', '1947-07-30', 1970),
('Hamilton1956', 'Linda', 'Hamilton', '1956-09-26', 1980),
('Biehn1956', 'Michael', 'Biehn', '1956-07-31', 1977),
('Garland1922', 'Judy', 'Garland', '1922-06-10', 1930),
('Morgan1890', 'Frank', 'Morgan', '1890-06-01', 1916),
('Bolger1903', 'Ray', 'Bolger', '1903-01-10', 1926),
('Hanks1956', 'Tom', 'Hanks', '1956-07-09', 1979),
('Allen1950', 'Tim', 'Allen', '1950-06-13', 1980),
('Potts1952', 'Annie', 'Potts', '1952-10-28', 1977),
('DiCaprio1974', 'Leonardo', 'DiCaprio', '1974-11-11', 1989),
('Gordon1960', 'Joseph', 'Gordon-Levitt', '1960-02-17', 1988),
('Page1987', 'Ellen', 'Page', '1987-02-21', 1997),
('Damon1970', 'Matt', 'Damon', '1970-10-08', 1988),
('Sizemore1961', 'Tom', 'Sizemore', '1961-11-29', 1989),
('Neeson1952', 'Liam', 'Neeson', '1952-06-07', 1976),
('Kingsley1943', 'Ben', 'Kingsley', '1943-12-31', 1966),
('Fiennes1962', 'Ralph', 'Fiennes', '1962-12-22', 1985),
('Nicholson1952', 'Jack', 'Nicholson', '1937-04-22', 1957),
('Brando1924', 'Marlon', 'Brando', '1924-04-03', 1950),
('Caan1940', 'James', 'Caan', '1940-01-26', 1961),
('Revolori1996', 'Anthony', 'Revolori', '1996-04-28', 1998),
('Abraham1939', 'F. Murray', 'Abraham', '1938-10-24', 1971),
('McKellen1940', 'Ian', 'McKellen', '1939-05-25', 1961),
('Mortensen1958', 'Viggo', 'Mortensen', '1958-10-20', 1984),
('Freeman1937', 'Morgan', 'Freeman', '1937-06-01', 1958),
('Bale1974', 'Christian', 'Bale', '1974-01-30', 1986),
('Johansson1983', 'Scarlett', 'Johansson', '1984-11-22', 1994),
('Gunton1945', 'Bob', 'Gunton', '1945-11-15', 1969),
('Spacey1959', 'Kevin', 'Spacey', '1959-07-26', 1986),
('Byrne1950', 'Gabriel', 'Byrne', '1950-05-12', 1978),
('Palmiteri1952', 'Chazz', 'Palminteri', '1952-05-15', 1984),
('Winslet1975', 'Kate', 'Winslet', '1975-10-05', 1991),
('Zane1966', 'Billy', 'Zane', '1966-02-24', 1985),
('Bening1958', 'Annette', 'Bening', '1958-05-29', 1988),
('Birch1982', 'Thora', 'Birch', '1982-03-11', 1988),
('Pitt1963', 'Brad', 'Pitt', '1963-12-18', 1987),
('DeNiro1943', 'Robert', 'De Niro', '1943-08-17', 1963),
('Liotta1954', 'Ray', 'Liotta', '1954-12-18', 1976),
('Pesci1943', 'Joe', 'Pesci', '1943-02-09', 1976),
('Waltz1956', 'Christoph', 'Waltz', '1956-10-04', 1977),
('Thurman1949', 'Uma', 'Thurman', '1949-04-29', 1988),
('Jackson1947', 'Samuel', 'Jackson', '1948-12-21', 1972),
('Paltrow1972', 'Gwyneth', 'Paltrow', '1972-09-27', 1989),
('Furlong1977', 'Edward', 'Furlong', '1977-08-22', 1991),
('Downey1965', 'Robert', 'Downey Jr.', '1965-04-04', 1970),
('Evans1981', 'Chris', 'Evans', '1981-06-13', 2000),
('Ledger1979', 'Heath', 'Ledger', '1979-04-04', 1997),
('Eckhart1968', 'Aaron', 'Eckhart', '1968-03-12', 1992),
('Duvall1931', 'Robert', 'Duvall', '1931-01-05', 1952),
('Fishburne1961', 'Laurence', 'Fishburne', '1961-07-30', 1983),
('Moss1967', 'Carrie-Anne', 'Moss', '1967-08-21', 1989),
('Brody1973', 'Adrien', 'Brody', '1973-04-14', 1989),
('Kretschman1962', 'Thomas', 'Kretschmann', '1962-09-08', 1984),
('Fox1974', 'Emilia', 'Fox', '1974-07-31', 1996),
('Nicholson1937', 'Jack', 'Nicholson', '1937-04-22', 1957),
('Duvall1949', 'Shelley', 'Duvall', '1949-07-07', 1970),
('Lloyd1973', 'Danny', 'Lloyd', '1973-01-01', 1980),
('Foster1962', 'Jodie', 'Foster', '1962-11-19', 1967),
('Hopkins1937', 'Anthony', 'Hopkins', '1937-12-31', 1960),
('Glenn1941', 'Scott', 'Glenn', '1941-01-26', 1965),
('Willis1955', 'Bruce', 'Willis', '1955-03-19', 1980),
('Osment1988', 'Haley Joel', 'Osment', '1988-04-10', 1994),
('Collette1972', 'Toni', 'Collette', '1972-11-01', 1992),
('Eisenberg1983', 'Jesse', 'Eisenberg', '1983-10-05', 2002),
('Garfield1983', 'Andrew', 'Garfield', '1983-08-20', 2004),
('Timberlake1981', 'Justin', 'Timberlake', '1981-01-31', 2000),
('Carrey1962', 'Jim', 'Carrey', '1962-01-17', 1981),
('Linney1964', 'Laura', 'Linney', '1964-02-05', 1990),
('Harris1950', 'Ed', 'Harris', '1950-11-28', 1975),
('Duncan1957', 'Michael Clark', 'Duncan', '1957-12-10', 1995),
('Morse1953', 'David', 'Morse', '1953-10-11', 1971),
('Broderick1962', 'Matthew', 'Broderick', '1962-03-21', 1982),
('Irons1948', 'Jeremy', 'Irons', '1948-09-19', 1969),
('Jones1931', 'James', 'Jones', '1931-01-17', 1953),
('Wood1981', 'Elijah', 'Wood', '1981-01-28', 1981),
('Jackman1968', 'Hugh', 'Jackman', '1968-10-12', 1973),
('Robbins1958', 'Tim', 'Robbins', '1958-10-16', 1982),
('Fox1961', 'Michael J.', 'Fox', '1961-06-09', 1977),
('Lloyd1938', 'Christopher', 'Lloyd', '1938-10-22', 1975),
('Norton1969', 'Edward', 'Norton', '1969-08-18', 1996), 
('Carter1966', 'Helena Bonham', 'Carter', '1966-05-26', 1983),
('Sinise1955', 'Gary', 'Sinise', '1955-03-17', 1971),
('Crowe1964', 'Russell', 'Crowe', '1964-04-07', 1986),
('Phoenix1974', 'Joaquin', 'Phoenix', '1974-10-28', 1982),
('Nielsen1965', 'Connie', 'Nielson', '1965-07-03', 1984),
('Williams1951', 'Robin', 'Williams', '1951-07-21', 1977),
('Affleck1972', 'Ben', 'Affleck', '1972-08-15', 1984),
('Laurent1983', 'Melanie', 'Laurent', '1983-02-21', 1999),
('Travolta1954', 'John', 'Travolta', '1954-02-18', 1972),
('Hardy1977', 'Tom', 'Hardy', '1977-09-15', 2001),
('Hathaway1982', 'Anne', 'Hathaway', '1982-11-12', 1999),
('Reeves1964', 'Keanu', 'Reeves', '1964-09-02', 1984)
('Estevez1962', 'Emilio', 'Estevez', '1962-05-12', 1982),
('Ringwald1968', 'Molly', 'Ringwald', '1968-02-18', 1973),
('Nelson1959', 'Judd', 'Nelson', '1959-11-28', 1984),
('Coppola1939', 'Francis Ford', 'Coppola', '1939-04-07', 1962),
('Zemeckis1942', 'Robert', 'Zemeckis', '1952-05-14', 1978),
('Curtiz1899', 'Michael', 'Curtiz', '1886-12-24', 1912),
('Spielberg1946', 'Steven', 'Spielberg', '1946-12-18', 1969),
('Kershner1943', 'Irvin', 'Kershner', '1923-04-29', 1950),
('Reiner1947', 'Rob', 'Reiner', '1947-03-06', 1984),
('Cameron1944', 'James', 'Cameron', '1954-08-16', 1978),
('Fleming1882', 'Victor', 'Fleming', '1889-02-23', 1919),
('Lasseter1947', 'John', 'Lasseter', '1957-01-12', 1995),
('Nolan1970', 'Christopher', 'Nolan', '1970-07-30', 1998),
('Scorsese1942', 'Martin', 'Scorsese', '1942-11-17', 1963),
('Anderson1969', 'Wes', 'Anderson', '1969-05-01', 1994),
('Darabont1959', 'Frank', 'Darabont', '1959-01-28', 1990),
('Allers1940', 'Roger', 'Allers', '1949-06-26', 1994),
('Jackson1952', 'Peter', 'Jackson', '1961-10-31', 1987),
('Singer1955', 'Bryan', 'Singer', '1965-09-17', 1988),
('Mendes1961', 'Sam', 'Mendes', '1965-08-01', 1999),
('Fincher1956', 'David', 'Fincher', '1962-08-28', 1984),
('Scott1937', 'Ridley', 'Scott', '1937-11-30', 1977),
('Sant1959', 'Gus Van', 'Sant', '1952-07-24', 1985),
('Tarantino1963', 'Quentin', 'Tarantino', '1963-03-27', 1987),
('Whedon1964', 'Joss', 'Whedon', '1964-06-23', 2005),
('Hughes1950', 'John', 'Hughes', '1950-02-18', 1984),
('Wachowski1965', 'Lana', 'Wachowski', '1965-06-21', 1996),
('Polanski1933', 'Roman', 'Polanski', '1933-08-18', 1962),
('Kubrick1928', 'Stanley', 'Kubrick', '1928-07-26', 1951),
('Demme1944', 'Jonathan', 'Demme', '1944-02-22', 1974),
('Shyamalan1970', 'M. Night', 'Shyamalan', '1970-08-06', 1992),
('Weir1944', 'Peter', 'Weir', '1944-08-21', 1974);

INSERT INTO Acts(movieID, actorID) VALUES
('TheGo1972', 'Pacino1940'),
('TheGo1972', 'Keaton1946'),
('TheGo1972', 'Garcia1956'),
('Backt1989', 'Fox1961'),
('Backt1989', 'Lloyd1938'),
('Backt1989', 'Thompson1961'),
('Brave1975', 'Gibson1956'),
('Brave1975', 'Marceau1966'),
('Brave1975', 'McGoohan1928'),
('Casab1942', 'Bogart1899'),
('Casab1942', 'Bergman1915'),
('Casab1942', 'Henreid1908'),
('India1989', 'Ford1942'),
('India1989', 'Connery1930'),
('India1989', 'Doody1942'),
('Juras1993', 'Neill1947'),
('Juras1993', 'Dern1967'),
('Juras1993', 'Goldblum1952'),
('Raide1981', 'Ford1942'),
('Raide1981', 'Allen1950'),
('Raide1981', 'Freeman1944'),
('TheEm1980', 'Hamill1951'),
('TheEm1980', 'Ford1942'),
('TheEm1980', 'Fisher1941'),
('ThePr1987', 'Elwes1962'),
('ThePr1987', 'Wright1966'),
('ThePr1987', 'Patinkin1952'),
('TheTe1984', 'Schwarnegger1947'),
('TheTe1984', 'Hamilton1956'),
('TheTe1984', 'Biehn1956'),
('TheWi1939', 'Garland1922'),
('TheWi1939', 'Morgan1890'),
('TheWi1939', 'Bolger1903'),
('ToySt1995', 'Hanks1956'),
('ToySt1995', 'Allen1950'),
('ToySt1995', 'Potts1952'),
('Incep2010', 'DiCaprio1974'),
('Incep2010', 'Gordon1960'),
('Incep2010', 'Page1987'),
('Savin1998', 'Hanks1956'),
('Savin1998', 'Damon1970'),
('Savin1998', 'Sizemore1961'),
('Schin1993', 'Neeson1952'),
('Schin1993', 'Kingsley1943'),
('Schin1993', 'Fiennes1952'),
('TheDe2006', 'DiCaprio1974'),
('TheDe2006', 'Damon1970'),
('TheDe2006', 'Nicholson1952'),
('TheGo1972', 'Brando1924'),
('TheGo1972', 'Pacino1940'),
('TheGo1972', 'Caan1940'),
('TheGr2014', 'Fiennes1952'),
('TheGr2014', 'Revolori1996'),
('TheGr2014', 'Abraham1939'),
('TheGr1999', 'Hanks1956'),
('TheGr1999', 'Duncan1957'),
('TheGr1999', 'Morse1953'),
('TheLi1994', 'Broderick1962'),
('TheLi1994', 'Irons1948'),
('TheLi1994', 'Jones1931'),
('TheLo2001', 'Wood1981'),
('TheLo2001', 'McKellen1940'),
('TheLo2001', 'Mortensen1958'),
('ThePr2006', 'Jackman1968'),
('ThePr2006', 'Bale1974'),
('ThePr2006', 'Johansson1974'),
('TheSh1994', 'Robbins1958'),
('TheSh1994', 'Freeman1937'),
('TheSh1994', 'Gunton1945'),
('TheUs1995', 'Spacey1959'),
('TheUs1995', 'Byrne1950'),
('TheUs1995', 'Palminteri1952'),
('Titan1997', 'DiCaprio1974'),
('Titan1997', 'Winslet1975'),
('Titan1997', 'Zane1966'),
('Ameri1999', 'Spacey1959'),
('Ameri1999', 'Bening1958'),
('Ameri1999', 'Birch1982'),
('Backt1985', 'Fox1961'),
('Backt1985', 'Lloyd1938'),
('Backt1985', 'Thompson1961'),
('Fight1999', 'Pitt1963'),
('Fight1999', 'Norton1969'),
('Fight1999', 'Carter1966'),
('Forre1994', 'Hanks1956'),
('Forre1994', 'Wright1966'),
('Forre1994', 'Sinise1955'),
('Gladi2000', 'Crowe1964'),
('Gladi2000', 'Phoenix1974'),
('Gladi2000', 'Neilsen1965'),
('GoodW1997', 'Damon1970'),
('GoodW1997', 'Williams1951'),
('GoodW1997', 'Affleck1972'),
('Goodf1990', 'DeNiro1943'),
('Goodf1990', 'Liotta1954'),
('Goodf1990', 'Pesci1943'),
('Inglo2009', 'Pitt1963'),
('Inglo2009', 'Waltz1956'),
('Inglo2009', 'Laurent1983'),
('PulpF1994', 'Travolta1954'),
('PulpF1994', 'Thurman1949'),
('PulpF1994', 'Jackson1947'),
('Se7en1995', 'Pitt1963'),
('Se7en1995', 'Freeman1937'),
('Se7en1995', 'Paltrow1972'),
('Termi1991', 'Schwarzenegger1947'),
('Termi1991', 'Hamilton1956'),
('Termi1991', 'Furlong1977'),
('TheAv2012', 'Downey1965'),
('TheAv2012', 'Evans1981'),
('TheAv2012', 'Johnansson1983'),
('TheBr1985', 'Estevez1962'),
('TheBr1985', 'Ringwald1968'),
('TheBr1985', 'Nelson1959'),
('TheDa2008', 'Bale1974'),
('TheDa2008', 'Ledger1979'),
('TheDa2008', 'Eckhart1968'),
('TheDa2012', 'Bale1974'),
('TheDa2012', 'Hardy1977'),
('TheDa2012', 'Hathaway1982'),
('TheGo1974', 'Pacino1940'),
('TheGo1974', 'DeNiro1943'),
('TheGo1974', 'Duvall1949'),
('TheLo2003', 'Wood1981'),
('TheLo2003', 'McKellen1940'),
('TheLo2003', 'Mortensen1958'),
('TheLo2002', 'Wood1981'),
('TheLo2002', 'McKellen1940'),
('TheLo2002', 'Mortensen1958'),
('TheMa1999', 'Reeves1964'),
('TheMa1999', 'Fishburne1961'),
('TheMa1999', 'Moss1967'),
('ThePi2002', 'Brody1973'),
('ThePi2002', 'Kretschmann1962'),
('ThePi2002', 'Fox1974'),
('TheSh1980', 'Nicholson1937'),
('TheSh1980', 'Duvall1949'),
('TheSh1980', 'Lloyd1973'),
('TheSi1991', 'Foster1962'),
('TheSi1991', 'Hopkins1937'),
('TheSi1991', 'Glenn1941'),
('TheSi1999', 'Willis1955'),
('TheSi1999', 'Osment1988'),
('TheSi1999', 'Collette1972'),
('TheSo2010', 'Eisenburg1983'),
('TheSo2010', 'Garfield1983'),
('TheSo2010', 'Timberlake1981'),
('TheTr1998', 'Carrey1962'),
('TheTr1998', 'Linney1964'),
('TheTr1998', 'Harris1950');